{
  "cheese": {
    "Bleu cheese": 0.4957982897758484,
    "Brie": 0.4966241121292114,
    "Buratta": 0.4876313805580139,
    "Cheddar": 0.4828827977180481,
    "Colby Jack": 0.4889475107192993,
    "Feta cheese": 0.4883914589881897,
    "Fontina": 0.25913000106811523,
    "Goat cheese": -0.47549235820770264,
    "Gorgonzola": 0.49108606576919556,
    "Gruy\u00e8re cheese": 0.49202626943588257,
    "Mozzarella": 0.4876854419708252,
    "Parmesan": 0.4853142499923706,
    "Pecorino Romano": 0.49451643228530884,
    "Pepper jack": -0.18473494052886963,
    "Provolone": 0.48925191164016724,
    "Ricotta": 0.43247753381729126
  },
  "extras": {
    "Balsamic glaze": 0.49011605978012085,
    "Basil": -0.49551182985305786,
    "Cilantro": -0.3488085865974426,
    "Crushed Walnuts": -0.4962385892868042,
    "Crushed red pepper": -0.49329257011413574,
    "Honey": 0.49469441175460815,
    "Hot sauce": 0.49095433950424194,
    "Oregano": 0.48686522245407104,
    "Parsley": -0.46330952644348145,
    "Peanut crumbles": -0.49810224771499634,
    "Pine nuts": 0.4896017909049988,
    "Rosemary": 0.48009562492370605,
    "Sliced almonds": -0.4057667851448059,
    "Thyme": 0.16982775926589966
  },
  "meat": {
    "Anchovies": 0.4950087070465088,
    "Canadian bacon": 0.4966331124305725,
    "Chorizo": 0.49343347549438477,
    "Egg": 0.09653860330581665,
    "Ham": -0.31415724754333496,
    "Hamburger/Ground beef": -0.4401184320449829,
    "Hot dogs": 0.49747902154922485,
    "Kielbasa": 0.26784437894821167,
    "Meatballs": -0.4831921458244324,
    "Pepperoni": 0.466816782951355,
    "Prosciutto": 0.4913322329521179,
    "Pulled pork": 0.4953719973564148,
    "Salami": 0.4754893183708191,
    "Sausage": -0.28115981817245483,
    "Shredded or chopped chicken": -0.4968057870864868,
    "Shrimp": 0.06629860401153564,
    "Sliced Italian Sausage": 0.3318125009536743,
    "Sopressata": 0.49404728412628174
  },
  "sauces": {
    "BBQ Sauce": 0.47100645303726196,
    "Buffalo Sauce": 0.49539172649383545,
    "Fig jam": 0.4720993638038635,
    "Greek yogurt": 0.49583351612091064,
    "Olive oil and garlic": 0.48963820934295654,
    "Pesto": -0.07215309143066406,
    "Ranch Dressing": -0.399496853351593,
    "Red sauce": 0.48323488235473633,
    "Salsa": 0.47560715675354004,
    "Sweet Chili Sauce": 0.49847930669784546,
    "Teriyaki Sauce": 0.49120527505874634,
    "White Pizza Sauce or Alfredo": 0.32531702518463135
  },
  "vegetarian": {
    "Apple": 0.4707448482513428,
    "Artichokes": -0.3887580633163452,
    "Arugula": 0.48650938272476196,
    "Asparagus": 0.06572586297988892,
    "Avocado": 0.4904228448867798,
    "Banana peppers": 0.4930676221847534,
    "Bean sprouts": -0.49215054512023926,
    "Black olives": 0.357266366481781,
    "Broccoli": 0.3568328022956848,
    "Caramelized onions": 0.49786442518234253,
    "Cauliflower": -0.4677562713623047,
    "Cherry tomatoes": 0.4940503239631653,
    "Corn": -0.4907529354095459,
    "Dill pickle": 0.46209585666656494,
    "Eggplant": -0.4599381685256958,
    "Fig": -0.476077139377594,
    "French fried onions": 0.4943537712097168,
    "Green onions": -0.19374245405197144,
    "Green peppers": -0.46570730209350586,
    "Jalape\u00f1o peppers": 0.48594021797180176,
    "Kale": 0.4649031162261963,
    "Leeks": 0.4715220332145691,
    "Mushrooms": -0.4932631850242615,
    "Peaches": 0.4857795238494873,
    "Pear": 0.21879082918167114,
    "Pineapple": 0.49231427907943726,
    "Potato (thinly sliced)": -0.49414992332458496,
    "Red onions": 0.45040208101272583,
    "Red/yellow/orange bell pepper": 0.4763904809951782,
    "Roasted red peppers": 0.49773162603378296,
    "Shredded brussel sprouts": -0.4977725148200989,
    "Spinach": 0.4865308403968811,
    "Sun dried tomatoes": 0.4942670464515686,
    "Sweet onions": 0.4983476400375366,
    "Sweet potato": 0.49765515327453613,
    "Tomato (beefsteak sliced)": 0.4127817153930664,
    "Yellow squash": -0.49628710746765137,
    "Zucchini": -0.47382766008377075
  },
  "weird": {}
}