{
  "cheese": {
    "Bleu cheese": -0.4904215335845947,
    "Brie": 0.4985409379005432,
    "Buratta": 0.49438852071762085,
    "Cheddar": -0.380859911441803,
    "Colby Jack": 0.48130208253860474,
    "Feta cheese": -0.4783371090888977,
    "Fontina": 0.48359209299087524,
    "Goat cheese": -0.4895176291465759,
    "Gorgonzola": 0.4547100067138672,
    "Gruy\u00e8re cheese": -0.4926193356513977,
    "Monterrey": 0.4956592917442322,
    "Mozzarella": 0.4553350806236267,
    "Parmesan": 0.36188679933547974,
    "Pecorino Romano": 0.4877297282218933,
    "Pepper jack": 0.45925116539001465,
    "Provolone": -0.2760525345802307,
    "Ricotta": 0.49817824363708496
  },
  "extras": {
    "Balsamic glaze": -0.4787983298301697,
    "Basil": 0.49546557664871216,
    "Cilantro": 0.49874478578567505,
    "Crushed Walnuts": -0.4985688328742981,
    "Crushed red pepper": -0.4967135190963745,
    "Honey": 0.4982014298439026,
    "Hot sauce": 0.49513155221939087,
    "Oregano": 0.4967891573905945,
    "Parsley": 0.48388832807540894,
    "Peanut crumbles": -0.4986411929130554,
    "Pine nuts": 0.06607359647750854,
    "Rosemary": 0.417258083820343,
    "Sliced almonds": 0.23732233047485352,
    "Thyme": 0.4876573085784912
  },
  "meat": {
    "Anchovies": 0.48297393321990967,
    "Bacon": 0.3937293291091919,
    "Canadian bacon": 0.43253540992736816,
    "Chorizo": 0.4974863529205322,
    "Egg": 0.18960922956466675,
    "Ground beef": 0.21275097131729126,
    "Ham": -0.4943498373031616,
    "Hot dogs": 0.4834749698638916,
    "Kielbasa": -0.10666215419769287,
    "Meat balls": 0.3428369164466858,
    "Meatballs": 0.4610137343406677,
    "Pepperoni": 0.3897553086280823,
    "Prosciutto": 0.33943063020706177,
    "Pulled pork": -0.4638904929161072,
    "Salami": -0.47519415616989136,
    "Sausage": -0.48376744985580444,
    "Shredded or chopped chicken": -0.49711179733276367,
    "Shrimp": -0.39318710565567017,
    "Sliced Italian Sausage": -0.4305195212364197,
    "Sopressata": -0.46852755546569824
  },
  "sauces": {
    "BBQ Sauce": -0.3712567090988159,
    "Buffalo Sauce": -0.12929940223693848,
    "Fig jam": -0.4255716800689697,
    "Greek yogurt": 0.48066282272338867,
    "Marinara": 0.49612128734588623,
    "Olive oil and garlic": 0.4950900077819824,
    "Pesto": -0.49869054555892944,
    "Ranch Dressing": 0.43230098485946655,
    "Red sauce": -0.35504817962646484,
    "Salsa": 0.4957413673400879,
    "Sweet Chili Sauce": 0.4994965195655823,
    "Teriyaki Sauce": 0.26132774353027344,
    "White Pizza Sauce or Alfredo": -0.4519919157028198
  },
  "vegetarian": {
    "Apple": 0.49420666694641113,
    "Artichokes": 0.4878721237182617,
    "Arugula": -0.48943793773651123,
    "Asparagus": 0.42059141397476196,
    "Avocado": 0.49893641471862793,
    "Banana peppers": -0.4804878234863281,
    "Bean sprouts": -0.4323355555534363,
    "Black olives": -0.4476161003112793,
    "Broccoli": -0.4904356002807617,
    "Brussel sprouts": -0.49401742219924927,
    "Caramelized onions": 0.01518404483795166,
    "Cauliflower": 0.4814034104347229,
    "Cherry tomatoes": 0.47762101888656616,
    "Corn": -0.4959891438484192,
    "Dill pickle": 0.12217950820922852,
    "Eggplant": -0.4256179928779602,
    "Fig": -0.46295708417892456,
    "French fried onions": -0.28539031744003296,
    "Garlic": 0.4934009313583374,
    "Green olives": 0.49443989992141724,
    "Green onions": 0.3760257959365845,
    "Green peppers": 0.43489497900009155,
    "Jalapeno peppers": -0.42199409008026123,
    "Jalape\u00f1o peppers": -0.42199409008026123,
    "Kale": 0.48653078079223633,
    "Leeks": 0.41682177782058716,
    "Mushrooms": -0.4351031184196472,
    "Onions": -0.30810922384262085,
    "Orange bell pepper": 0.4335750937461853,
    "Peaches": 0.4900056719779968,
    "Pear": 0.33590638637542725,
    "Pineapple": 0.47788000106811523,
    "Potato": -0.49935150146484375,
    "Red bell pepper": 0.46069759130477905,
    "Red onions": -0.19938033819198608,
    "Roasted red peppers": 0.4174257516860962,
    "Spinach": -0.49490517377853394,
    "Sun dried tomatoes": -0.4484363794326782,
    "Sweet potato": 0.3838534355163574,
    "Tomato": 0.4508833885192871,
    "Yellow bell pepper": -0.47440433502197266,
    "Yellow squash": -0.4979175329208374,
    "Zucchini": 0.47193682193756104
  }
}